id,name,parent_id/id,property_account_expense_categ_id/id,property_account_income_categ_id/id
product_import_cwa.afdeling_01,"AGF",,"voedselcoop_7301","voedselcoop_8001"
product_import_cwa.afdeling_02,"BROOD & BANKET",,"voedselcoop_7302","voedselcoop_8002"
product_import_cwa.afdeling_03,"KAAS & DELICATESSEN",,"voedselcoop_7303","voedselcoop_8003"
product_import_cwa.afdeling_04,"VLEES & VIS",,"voedselcoop_7304","voedselcoop_8004"
product_import_cwa.afdeling_05,"KOELVERS",,"voedselcoop_7305","voedselcoop_8005"
product_import_cwa.afdeling_06,"KRUIDENIERSWAREN",,"voedselcoop_7306","voedselcoop_8006"
product_import_cwa.afdeling_07,"NON-FOOD",,"voedselcoop_7307","voedselcoop_8007"
product_import_cwa.afdeling_08,"TRAITEUR - RESTAURANT",,"voedselcoop_7308","voedselcoop_8008"
product_import_cwa.afdeling_09,"STATIEGELD",,"voedselcoop_7309","voedselcoop_8009"
product_import_cwa.afdeling_10,"DIEPVRIES",,"voedselcoop_7310","voedselcoop_8010"
product_import_cwa.cbl_10105,"KOFFIE, CACAO, THEE",product_import_cwa.afdeling_06,"voedselcoop_7306","voedselcoop_8006"
product_import_cwa.cbl_10110,"HOUDBARE KOFFIEMELK, HOUDBARE KOFFIEROOM",product_import_cwa.afdeling_06,"voedselcoop_7306","voedselcoop_8006"
product_import_cwa.cbl_10115,SUIKER,product_import_cwa.afdeling_06,"voedselcoop_7306","voedselcoop_8006"
product_import_cwa.cbl_10120,RIJST EN DEEGWAREN HB,product_import_cwa.afdeling_06,"voedselcoop_7306","voedselcoop_8006"
product_import_cwa.cbl_10125,ONTBIJTPRODUCTEN,product_import_cwa.afdeling_06,"voedselcoop_7306","voedselcoop_8006"
product_import_cwa.cbl_10130,BAKPRODUCTEN EN DESSERTINGREDIËNTEN,product_import_cwa.afdeling_06,"voedselcoop_7306","voedselcoop_8006"
product_import_cwa.cbl_10135,"SOEPEN, BOUILLONS",product_import_cwa.afdeling_06,"voedselcoop_7306","voedselcoop_8006"
product_import_cwa.cbl_10140,"SAUZEN, MIXEN",product_import_cwa.afdeling_06,"voedselcoop_7306","voedselcoop_8006"
product_import_cwa.cbl_10145,"REFORMPRODUCTEN, DIEETPRODUCTEN",product_import_cwa.afdeling_06,"voedselcoop_7306","voedselcoop_8006"
product_import_cwa.cbl_10150,"BABYVOEDING, KINDERVOEDING",product_import_cwa.afdeling_06,"voedselcoop_7306","voedselcoop_8006"
product_import_cwa.cbl_10155,BOTERHAMBELEG,product_import_cwa.afdeling_06,"voedselcoop_7306","voedselcoop_8006"
product_import_cwa.cbl_10160,"KOEK, KOEKJES, BANKETSTUKSARTIKELEN",product_import_cwa.afdeling_06,"voedselcoop_7306","voedselcoop_8006"
product_import_cwa.cbl_10161,CHOCOLADE EN CHOCOLADEPRODUCTEN,product_import_cwa.afdeling_06,"voedselcoop_7306","voedselcoop_8006"
product_import_cwa.cbl_10162,SNOEP EN ZOETWAREN,product_import_cwa.afdeling_06,"voedselcoop_7306","voedselcoop_8006"
product_import_cwa.cbl_10165,"ZOUTJES, ONDERLEGGERS, NOTENBARPRODUCTEN",product_import_cwa.afdeling_06,"voedselcoop_7306","voedselcoop_8006"
product_import_cwa.cbl_10170,BIEREN,product_import_cwa.afdeling_06,"voedselcoop_7306","voedselcoop_8006"
product_import_cwa.cbl_10175,WIJNEN EN APERITIEVEN,product_import_cwa.afdeling_06,"voedselcoop_7306","voedselcoop_8006"
product_import_cwa.cbl_10180,NIET ALCOHOLHOUDENDE DRANKEN,product_import_cwa.afdeling_06,"voedselcoop_7306","voedselcoop_8006"
product_import_cwa.cbl_10220,RIJST EN DEEGWAREN SEMI SERS,product_import_cwa.afdeling_05,"voedselcoop_7305","voedselcoop_8005"
product_import_cwa.cbl_10265,"ZOUTJES, ONDERLEGGERS, NOTENBARPRODUCTEN SV",product_import_cwa.afdeling_06,"voedselcoop_7306","voedselcoop_8006"
product_import_cwa.cbl_10280,NIET-ALCOHOLHOUDENDE DRANKEN SV,product_import_cwa.afdeling_06,"voedselcoop_7306","voedselcoop_8006"
product_import_cwa.cbl_11105,HOUDBARE MELK,product_import_cwa.afdeling_06,"voedselcoop_7306","voedselcoop_8006"
product_import_cwa.cbl_11110,OVERIGE HOUDBARE ZUIVEL,product_import_cwa.afdeling_06,"voedselcoop_7306","voedselcoop_8006"
product_import_cwa.cbl_11205,EIEREN,product_import_cwa.afdeling_05,"voedselcoop_7305","voedselcoop_8005"
product_import_cwa.cbl_11210,DAGVERSE MELK,product_import_cwa.afdeling_05,"voedselcoop_7305","voedselcoop_8005"
product_import_cwa.cbl_11215,OVERIGE DAGVERSE ZUIVEL BULK,product_import_cwa.afdeling_05,"voedselcoop_7305","voedselcoop_8005"
product_import_cwa.cbl_11220,DAGVERSE ZUIVELSPECIALITEITEN,product_import_cwa.afdeling_05,"voedselcoop_7305","voedselcoop_8005"
product_import_cwa.cbl_11225,"GEELVETTEN, WITVETTEN",product_import_cwa.afdeling_05,"voedselcoop_7305","voedselcoop_8005"
product_import_cwa.cbl_11305,DIEPVRIES DESSERTS EN SAPPEN,product_import_cwa.afdeling_10,"voedselcoop_7310","voedselcoop_8010"
product_import_cwa.cbl_11310,IJS,product_import_cwa.afdeling_10,"voedselcoop_7310","voedselcoop_8010"
product_import_cwa.cbl_12205,NEDERLANDSE KAAS UITSNIJ,product_import_cwa.afdeling_03,"voedselcoop_7303","voedselcoop_8003"
product_import_cwa.cbl_12210,NEDERLANDSE KAAS VERPAKT,product_import_cwa.afdeling_03,"voedselcoop_7303","voedselcoop_8003"
product_import_cwa.cbl_12215,BUITENLANDSE SPECIALITEITEN UITSNIJ,product_import_cwa.afdeling_03,"voedselcoop_7303","voedselcoop_8003"
product_import_cwa.cbl_12220,BUITENLANDSE SPECIALITEITEN VERPAKT,product_import_cwa.afdeling_03,"voedselcoop_7303","voedselcoop_8003"
product_import_cwa.cbl_12225,OVERIGE SOORTEN VERPAKTE KAAS,product_import_cwa.afdeling_03,"voedselcoop_7303","voedselcoop_8003"
product_import_cwa.cbl_13105,AARDAPPELPRODUCTEN,product_import_cwa.afdeling_01,"voedselcoop_7301","voedselcoop_8001"
product_import_cwa.cbl_13110,GROENTECONSERVEN,product_import_cwa.afdeling_06,"voedselcoop_7306","voedselcoop_8006"
product_import_cwa.cbl_13115,VRUCHTENCONSERVEN,product_import_cwa.afdeling_06,"voedselcoop_7306","voedselcoop_8006"
product_import_cwa.cbl_13205,AARDAPPELEN,product_import_cwa.afdeling_01,"voedselcoop_7301","voedselcoop_8001"
product_import_cwa.cbl_13210,AARDAPPELPRODUCTEN,product_import_cwa.afdeling_01,"voedselcoop_7301","voedselcoop_8001"
product_import_cwa.cbl_13215,VERSE GROENTEN,product_import_cwa.afdeling_01,"voedselcoop_7301","voedselcoop_8001"
product_import_cwa.cbl_13220,VERS FRUIT,product_import_cwa.afdeling_01,"voedselcoop_7301","voedselcoop_8001"
product_import_cwa.cbl_13305,DIEPVRIES AARDAPPELPRODUCTEN,product_import_cwa.afdeling_10,"voedselcoop_7310","voedselcoop_8010"
product_import_cwa.cbl_13310,GROENTEPRODUCTEN,product_import_cwa.afdeling_10,"voedselcoop_7310","voedselcoop_8010"
product_import_cwa.cbl_14105,VLEESCONSERVEN,product_import_cwa.afdeling_06,"voedselcoop_7306","voedselcoop_8006"
product_import_cwa.cbl_14205,VERS VLEES,product_import_cwa.afdeling_04,"voedselcoop_7304","voedselcoop_8004"
product_import_cwa.cbl_14210,VERS GEVOGELTE,product_import_cwa.afdeling_04,"voedselcoop_7304","voedselcoop_8004"
product_import_cwa.cbl_14215,VERS WILD,product_import_cwa.afdeling_04,"voedselcoop_7304","voedselcoop_8004"
product_import_cwa.cbl_14305,"DIEPVRIES VLEES, WILD EN GEVOGELTE",product_import_cwa.afdeling_10,"voedselcoop_7310","voedselcoop_8010"
product_import_cwa.cbl_14310,VLEESSNACKS,product_import_cwa.afdeling_10,"voedselcoop_7310","voedselcoop_8010"
product_import_cwa.cbl_15105,VLEESWARENCONSERVEN,product_import_cwa.afdeling_06,"voedselcoop_7306","voedselcoop_8006"
product_import_cwa.cbl_15205,SNIJVERSE VLEESWAREN,product_import_cwa.afdeling_05,"voedselcoop_7305","voedselcoop_8005"
product_import_cwa.cbl_15210,VERPAKTE GESNEDEN VLEESWAREN,product_import_cwa.afdeling_05,"voedselcoop_7305","voedselcoop_8005"
product_import_cwa.cbl_15215,STUKS ARTIKELEN,product_import_cwa.afdeling_05,"voedselcoop_7305","voedselcoop_8005"
product_import_cwa.cbl_15220,SALADES EN SAUZEN,product_import_cwa.afdeling_05,"voedselcoop_7305","voedselcoop_8005"
product_import_cwa.cbl_16105,HOUDBARE VISPRODUCTEN,product_import_cwa.afdeling_06,"voedselcoop_7306","voedselcoop_8006"
product_import_cwa.cbl_16205,VERSE VIS,product_import_cwa.afdeling_04,"voedselcoop_7304","voedselcoop_8004"
product_import_cwa.cbl_16210,SCHAAL- EN SCHELPDIEREN,product_import_cwa.afdeling_04,"voedselcoop_7304","voedselcoop_8004"
product_import_cwa.cbl_16215,VERPAKTE VIS,product_import_cwa.afdeling_04,"voedselcoop_7304","voedselcoop_8004"
product_import_cwa.cbl_16220,VERPAKTE SCHAAL- EN SCHELPDIEREN,product_import_cwa.afdeling_04,"voedselcoop_7304","voedselcoop_8004"
product_import_cwa.cbl_16305,DIEPVRIES VIS,product_import_cwa.afdeling_10,"voedselcoop_7310","voedselcoop_8010"
product_import_cwa.cbl_16310,DIEPVRIES SCHAAL- EN SCHELPDIEREN,product_import_cwa.afdeling_10,"voedselcoop_7310","voedselcoop_8010"
product_import_cwa.cbl_17105,HOUDBAAR BROOD,product_import_cwa.afdeling_06,"voedselcoop_7306","voedselcoop_8006"
product_import_cwa.cbl_17110,BROODVERVANGERS,product_import_cwa.afdeling_06,"voedselcoop_7306","voedselcoop_8006"
product_import_cwa.cbl_17205,GROOT BROOD,product_import_cwa.afdeling_02,"voedselcoop_7302","voedselcoop_8002"
product_import_cwa.cbl_17210,KLEIN BROOD,product_import_cwa.afdeling_02,"voedselcoop_7302","voedselcoop_8002"
product_import_cwa.cbl_17213,HALFFABRIKAAT,product_import_cwa.afdeling_05,"voedselcoop_7305","voedselcoop_8005"
product_import_cwa.cbl_17215,SNACKS,product_import_cwa.afdeling_02,"voedselcoop_7302","voedselcoop_8002"
product_import_cwa.cbl_17220,STOKBROOD,product_import_cwa.afdeling_06,"voedselcoop_7306","voedselcoop_8006"
product_import_cwa.cbl_17225,SEIZOENSBROOD,product_import_cwa.afdeling_02,"voedselcoop_7302","voedselcoop_8002"
product_import_cwa.cbl_17230,GROOT GEBAK,product_import_cwa.afdeling_02,"voedselcoop_7302","voedselcoop_8002"
product_import_cwa.cbl_17235,KLEIN GEBAK,product_import_cwa.afdeling_02,"voedselcoop_7302","voedselcoop_8002"
product_import_cwa.cbl_17240,BANKET,product_import_cwa.afdeling_02,"voedselcoop_7302","voedselcoop_8002"
product_import_cwa.cbl_17305,DIEPVRIES BAKKERIJPRODUCTEN,product_import_cwa.afdeling_10,"voedselcoop_7310","voedselcoop_8010"
product_import_cwa.cbl_17310,GEBAK,product_import_cwa.afdeling_10,"voedselcoop_7310","voedselcoop_8010"
product_import_cwa.cbl_18105,HOUDBARE MAALTIJDEN,product_import_cwa.afdeling_06,"voedselcoop_7306","voedselcoop_8006"
product_import_cwa.cbl_18205,VERSE LUNCHPRODUCTEN,product_import_cwa.afdeling_05,"voedselcoop_7305","voedselcoop_8005"
product_import_cwa.cbl_18210,VERS DINERPRODUCTEN,product_import_cwa.afdeling_05,"voedselcoop_7305","voedselcoop_8005"
product_import_cwa.cbl_18305,DIEPVRIES MAALTIJDEN,product_import_cwa.afdeling_10,"voedselcoop_7310","voedselcoop_8010"
product_import_cwa.cbl_19105,HONDENVOER,product_import_cwa.afdeling_07,"voedselcoop_7307","voedselcoop_8007"
product_import_cwa.cbl_19110,KATTENVOER,product_import_cwa.afdeling_07,"voedselcoop_7307","voedselcoop_8007"
product_import_cwa.cbl_19115,OVERIG VOER,product_import_cwa.afdeling_07,"voedselcoop_7307","voedselcoop_8007"
product_import_cwa.cbl_19205,VERS DIERENVOER,product_import_cwa.afdeling_04,"voedselcoop_7304","voedselcoop_8004"
product_import_cwa.cbl_19305,DIEPVRIES DIERENVOER,product_import_cwa.afdeling_10,"voedselcoop_7310","voedselcoop_8010"
product_import_cwa.cbl_20105,TABAKSPRODUCTEN,product_import_cwa.afdeling_07,"voedselcoop_7307","voedselcoop_8007"
product_import_cwa.cbl_20110,HULPMIDDELEN,product_import_cwa.afdeling_07,"voedselcoop_7307","voedselcoop_8007"
product_import_cwa.cbl_21105,"LICHAAMSVERZORGING, MEDISCHE VERZORGING",product_import_cwa.afdeling_07,"voedselcoop_7307","voedselcoop_8007"
product_import_cwa.cbl_21110,PERIODEVERZORGING EN LUIERS,product_import_cwa.afdeling_07,"voedselcoop_7307","voedselcoop_8007"
product_import_cwa.cbl_21115,SANITAIRE PAPIERWAREN,product_import_cwa.afdeling_07,"voedselcoop_7307","voedselcoop_8007"
product_import_cwa.cbl_21120,ZAKDOEKJES,product_import_cwa.afdeling_07,"voedselcoop_7307","voedselcoop_8007"
product_import_cwa.cbl_22105,WAS- EN REINIGINGSMIDDELEN,product_import_cwa.afdeling_07,"voedselcoop_7307","voedselcoop_8007"
product_import_cwa.cbl_22110,POETSMIDDELEN,product_import_cwa.afdeling_07,"voedselcoop_7307","voedselcoop_8007"
product_import_cwa.cbl_23105,KANTOORBENODIGDHEDEN,product_import_cwa.afdeling_07,"voedselcoop_7307","voedselcoop_8007"
product_import_cwa.cbl_23110,WENSKAARTEN,product_import_cwa.afdeling_07,"voedselcoop_7307","voedselcoop_8007"
product_import_cwa.cbl_24105,DAGBLADEN,product_import_cwa.afdeling_07,"voedselcoop_7307","voedselcoop_8007"
product_import_cwa.cbl_24110,"TIJDSCHRIFTEN, OPINIEBLADEN",product_import_cwa.afdeling_07,"voedselcoop_7307","voedselcoop_8007"
product_import_cwa.cbl_24115,"BOEKEN, POCKETS",product_import_cwa.afdeling_07,"voedselcoop_7307","voedselcoop_8007"
product_import_cwa.cbl_25110,HUISHOUDELIJKE WAREN EN ONDERHOUDSMATERIAAL,product_import_cwa.afdeling_07,"voedselcoop_7307","voedselcoop_8007"
product_import_cwa.cbl_25120,BABYARTIKELEN,product_import_cwa.afdeling_07,"voedselcoop_7307","voedselcoop_8007"
product_import_cwa.cbl_25125,PANTY'S/NYLONS,product_import_cwa.afdeling_07,"voedselcoop_7307","voedselcoop_8007"
product_import_cwa.cbl_25130,SFEER EN VERLICHTING,product_import_cwa.afdeling_07,"voedselcoop_7307","voedselcoop_8007"
product_import_cwa.cbl_26105,BLOEMEN- EN PLANTVERZORGING,product_import_cwa.afdeling_07,"voedselcoop_7307","voedselcoop_8007"
product_import_cwa.cbl_26205,VERSE BLOEMEN EN PLANTEN,product_import_cwa.afdeling_07,"voedselcoop_7307","voedselcoop_8007"
product_import_cwa.cbl_27105,DIERENBENODIGDHEDEN,product_import_cwa.afdeling_07,"voedselcoop_7307","voedselcoop_8007"
product_import_cwa.cbl_28105,WINKELARTIKELEN,product_import_cwa.afdeling_07,"voedselcoop_7307","voedselcoop_8007"
product_import_cwa.cbl_28110,TEXTIEL,product_import_cwa.afdeling_07,"voedselcoop_7307","voedselcoop_8007"
product_import_cwa.cbl_28115,"FOTO, AUDIO, VIDEO",product_import_cwa.afdeling_07,"voedselcoop_7307","voedselcoop_8007"
product_import_cwa.cbl_28125,DIENSTEN EN SERVICES,product_import_cwa.afdeling_07,"voedselcoop_7307","voedselcoop_8007"
product_import_cwa.cbl_28130,OVERIG HUISHOUDELIJK ASSORTIMENT,product_import_cwa.afdeling_07,"voedselcoop_7307","voedselcoop_8007"
product_import_cwa.cbl_28150,VOEDINGSGEBONDEN OTC,product_import_cwa.afdeling_07,"voedselcoop_7307","voedselcoop_8007"
product_import_cwa.cbl_28155,"ARTIKELEN TEGEN AANDOENINGEN,  PREPARATEN",product_import_cwa.afdeling_07,"voedselcoop_7307","voedselcoop_8007"
product_import_cwa.cbl_28160,GEDRAGSBEINVLOEDENDE ARTIKELEN,product_import_cwa.afdeling_07,"voedselcoop_7307","voedselcoop_8007"
product_import_cwa.cbl_28165,"TESTEN, DIAGNOSTISCHE PRODUCTEN, MEETAPPARATUUR",product_import_cwa.afdeling_07,"voedselcoop_7307","voedselcoop_8007"
product_import_cwa.cbl_28195,OVERIG ASSORTIMENT,product_import_cwa.afdeling_07,"voedselcoop_7307","voedselcoop_8007"
product_import_cwa.cbl_29105,STERK ALCOHOLISCHE DRANKEN,product_import_cwa.afdeling_06,"voedselcoop_7306","voedselcoop_8006"
product_import_cwa.cbl_40000,WINKELMATERIAAL,product_import_cwa.afdeling_07,"voedselcoop_7307","voedselcoop_8007"
product_import_cwa.cbl_41000,STYLINGMATERIAAL,product_import_cwa.afdeling_07,"voedselcoop_7307","voedselcoop_8007"
product_import_cwa.cbl_42000,"KASSABENODIGDHEDEN, PRIJSBENODIGDHEDEN",product_import_cwa.afdeling_07,"voedselcoop_7307","voedselcoop_8007"
product_import_cwa.cbl_43000,"SCHOON- EN HYGIËNE ARTIKELEN",product_import_cwa.afdeling_07,"voedselcoop_7307","voedselcoop_8007"
product_import_cwa.cbl_1010505,KOFFIE,product_import_cwa.cbl_10105,"voedselcoop_7306","voedselcoop_8006"
product_import_cwa.cbl_1010506,KOFFIEPADS,product_import_cwa.cbl_10105,"voedselcoop_7306","voedselcoop_8006"
product_import_cwa.cbl_1010510,OPLOSKOFFIE,product_import_cwa.cbl_10105,"voedselcoop_7306","voedselcoop_8006"
product_import_cwa.cbl_1010512,NEW INSTANT OPLOSKOFFIE,product_import_cwa.cbl_10105,"voedselcoop_7306","voedselcoop_8006"
product_import_cwa.cbl_1010515,KOFFIESTROOP,product_import_cwa.cbl_10105,"voedselcoop_7306","voedselcoop_8006"
product_import_cwa.cbl_1010520,CACAO,product_import_cwa.cbl_10105,"voedselcoop_7306","voedselcoop_8006"
product_import_cwa.cbl_1010525,ANIJSBLOKJES,product_import_cwa.cbl_10105,"voedselcoop_7306","voedselcoop_8006"
product_import_cwa.cbl_1010530,THEE,product_import_cwa.cbl_10105,"voedselcoop_7306","voedselcoop_8006"
product_import_cwa.cbl_1011005,"KOFFIEMELK, KOFFIEROOM",product_import_cwa.cbl_10110,"voedselcoop_7306","voedselcoop_8006"
product_import_cwa.cbl_1011010,"KOFFIECREAMER, MELKPOEDER",product_import_cwa.cbl_10110,"voedselcoop_7306","voedselcoop_8006"
product_import_cwa.cbl_1011505,KRISTALSUIKER,product_import_cwa.cbl_10115,"voedselcoop_7306","voedselcoop_8006"
product_import_cwa.cbl_1011510,OVERIGE SUIKER,product_import_cwa.cbl_10115,"voedselcoop_7306","voedselcoop_8006"
product_import_cwa.cbl_1011515,ZOETMIDDELEN,product_import_cwa.cbl_10115,"voedselcoop_7306","voedselcoop_8006"
product_import_cwa.cbl_1011520,"SUIKERSTROOP, SCHENKSTROOP",product_import_cwa.cbl_10115,"voedselcoop_7306","voedselcoop_8006"
product_import_cwa.cbl_1012005,RIJST HB,product_import_cwa.cbl_10120,"voedselcoop_7306","voedselcoop_8006"
product_import_cwa.cbl_1012010,DEEGWAREN,product_import_cwa.cbl_10120,"voedselcoop_7306","voedselcoop_8006"
product_import_cwa.cbl_1012505,GEPLETTE GRAANPRODUCTEN,product_import_cwa.cbl_10125,"voedselcoop_7306","voedselcoop_8006"
product_import_cwa.cbl_1012510,CORNFLAKES,product_import_cwa.cbl_10125,"voedselcoop_7306","voedselcoop_8006"
product_import_cwa.cbl_1012515,MUESLI,product_import_cwa.cbl_10125,"voedselcoop_7306","voedselcoop_8006"
product_import_cwa.cbl_1013005,BLOEM EN TOEBEREIDE BLOEM,product_import_cwa.cbl_10130,"voedselcoop_7306","voedselcoop_8006"
product_import_cwa.cbl_1013010,"MIXEN VOOR TAART, GEBAK, CAKE, PIZZABODEM",product_import_cwa.cbl_10130,"voedselcoop_7306","voedselcoop_8006"
product_import_cwa.cbl_1013015,"MIX VOOR PANNENKOEK, POFFERTJES, OLIEBOLLEN",product_import_cwa.cbl_10130,"voedselcoop_7306","voedselcoop_8006"
product_import_cwa.cbl_1013020,BROODMIXEN,product_import_cwa.cbl_10130,"voedselcoop_7306","voedselcoop_8006"
product_import_cwa.cbl_1013025,BINDMIDDELEN,product_import_cwa.cbl_10130,"voedselcoop_7306","voedselcoop_8006"
product_import_cwa.cbl_1013030,DIVERSE BAKBENODIGDHEDEN,product_import_cwa.cbl_10130,"voedselcoop_7306","voedselcoop_8006"
product_import_cwa.cbl_1013035,"TAARTBODEMS, PIZZABODEMS",product_import_cwa.cbl_10130,"voedselcoop_7306","voedselcoop_8006"
product_import_cwa.cbl_1013040,VLAAIVULLINGEN,product_import_cwa.cbl_10130,"voedselcoop_7306","voedselcoop_8006"
product_import_cwa.cbl_1013045,PUDDINGPOEDER,product_import_cwa.cbl_10130,"voedselcoop_7306","voedselcoop_8006"
product_import_cwa.cbl_1013050,"PUDDINGSAUS, BESSENSAP",product_import_cwa.cbl_10130,"voedselcoop_7306","voedselcoop_8006"
product_import_cwa.cbl_1013055,TOPPINGS,product_import_cwa.cbl_10130,"voedselcoop_7306","voedselcoop_8006"
product_import_cwa.cbl_1013060,IJSPOEDER,product_import_cwa.cbl_10130,"voedselcoop_7306","voedselcoop_8006"
product_import_cwa.cbl_1013065,"GEDROOGDE VRUCHTEN, GEDROOGDE ZUIDVRUCHTEN",product_import_cwa.cbl_10130,"voedselcoop_7306","voedselcoop_8006"
product_import_cwa.cbl_1013506,"SOEPEN DROOG, PORTIE",product_import_cwa.cbl_10135,"voedselcoop_7306","voedselcoop_8006"
product_import_cwa.cbl_1013511,"SOEPEN DROOG, NIET PORTIE",product_import_cwa.cbl_10135,"voedselcoop_7306","voedselcoop_8006"
product_import_cwa.cbl_1013513,"SOEPEN NAT, PORTIE",product_import_cwa.cbl_10135,"voedselcoop_7306","voedselcoop_8006"
product_import_cwa.cbl_1013515,"SOEPEN NAT, NIET PORTIE",product_import_cwa.cbl_10135,"voedselcoop_7306","voedselcoop_8006"
product_import_cwa.cbl_1013520,BOUILLONS DROOG,product_import_cwa.cbl_10135,"voedselcoop_7306","voedselcoop_8006"
product_import_cwa.cbl_1013522,BOUILLONS NAT,product_import_cwa.cbl_10135,"voedselcoop_7306","voedselcoop_8006"
product_import_cwa.cbl_1013525,VERMICELLI,product_import_cwa.cbl_10135,"voedselcoop_7306","voedselcoop_8006"
product_import_cwa.cbl_1013530,SOEPSTENGELS EN CROUTONS,product_import_cwa.cbl_10135,"voedselcoop_7306","voedselcoop_8006"
product_import_cwa.cbl_1013535,SMAAKVERSTERKERS VOOR SOEP,product_import_cwa.cbl_10135,"voedselcoop_7306","voedselcoop_8006"
product_import_cwa.cbl_1014005,SMAAKMAKERS COMPONENT DROOG KOUD,product_import_cwa.cbl_10140,"voedselcoop_7306","voedselcoop_8006"
product_import_cwa.cbl_1014010,SMAAKMAKERS COMPONENT DROOG WARM,product_import_cwa.cbl_10140,"voedselcoop_7306","voedselcoop_8006"
product_import_cwa.cbl_1014015,SMAAKMAKERS COMPONENT NAT KOUD,product_import_cwa.cbl_10140,"voedselcoop_7306","voedselcoop_8006"
product_import_cwa.cbl_1014020,SMAAKMAKERS COMPONENT  NAT WARM,product_import_cwa.cbl_10140,"voedselcoop_7306","voedselcoop_8006"
product_import_cwa.cbl_1014025,SMAAKMAKERS COMPLEET DROOG WARM EN KOUD,product_import_cwa.cbl_10140,"voedselcoop_7306","voedselcoop_8006"
product_import_cwa.cbl_1014030,SMAAKMAKERS COMPLEET DROOG WARM EN KOUD OVERIG,product_import_cwa.cbl_10140,"voedselcoop_7306","voedselcoop_8006"
product_import_cwa.cbl_1014035,SLAVERSIERDERS (DROOG EN NAT),product_import_cwa.cbl_10140,"voedselcoop_7306","voedselcoop_8006"
product_import_cwa.cbl_1014040,OLIEN,product_import_cwa.cbl_10140,"voedselcoop_7306","voedselcoop_8006"
product_import_cwa.cbl_1014045,AZIJN,product_import_cwa.cbl_10140,"voedselcoop_7306","voedselcoop_8006"
product_import_cwa.cbl_1014050,ZUREN,product_import_cwa.cbl_10140,"voedselcoop_7306","voedselcoop_8006"
product_import_cwa.cbl_1014505,REFORMPRODUCTEN,product_import_cwa.cbl_10145,"voedselcoop_7306","voedselcoop_8006"
product_import_cwa.cbl_1014510,DIEETPRODUCTEN,product_import_cwa.cbl_10145,"voedselcoop_7306","voedselcoop_8006"
product_import_cwa.cbl_1015005,"KINDERKOEK, KINDERBISCUIT",product_import_cwa.cbl_10150,"voedselcoop_7306","voedselcoop_8006"
product_import_cwa.cbl_1015010,"FORMULEVOEDING, GRANENVOEDING",product_import_cwa.cbl_10150,"voedselcoop_7306","voedselcoop_8006"
product_import_cwa.cbl_1015015,"KINDERMAALTIJDEN, HAPPEN NAT",product_import_cwa.cbl_10150,"voedselcoop_7306","voedselcoop_8006"
product_import_cwa.cbl_1015020,"KINDERSIROPEN, DRANKEN",product_import_cwa.cbl_10150,"voedselcoop_7306","voedselcoop_8006"
product_import_cwa.cbl_1015505,JAM,product_import_cwa.cbl_10155,"voedselcoop_7306","voedselcoop_8006"
product_import_cwa.cbl_1015510,BOTERHAMSMEERSELS,product_import_cwa.cbl_10155,"voedselcoop_7306","voedselcoop_8006"
product_import_cwa.cbl_1015520,BOTERHAMSTROOISELS,product_import_cwa.cbl_10155,"voedselcoop_7306","voedselcoop_8006"
product_import_cwa.cbl_1015525,COCOSBROOD,product_import_cwa.cbl_10155,"voedselcoop_7306","voedselcoop_8006"
product_import_cwa.cbl_1016010,"KOEKJES, WAFELS EN BISCUITS",product_import_cwa.cbl_10160,"voedselcoop_7306","voedselcoop_8006"
product_import_cwa.cbl_1016015,"BANKET STUKSARTIKELEN, CAKE",product_import_cwa.cbl_10160,"voedselcoop_7306","voedselcoop_8006"
product_import_cwa.cbl_1016020,SEIZOENSARTIKELEN KOEK(JES),product_import_cwa.cbl_10160,"voedselcoop_7306","voedselcoop_8006"
product_import_cwa.cbl_1016025,TUSSENDOOR KOEK,product_import_cwa.cbl_10160,"voedselcoop_7306","voedselcoop_8006"
product_import_cwa.cbl_1016105,"CHOCOLADEPRODUCTEN, BONBONS, BITE SIZES",product_import_cwa.cbl_10161,"voedselcoop_7306","voedselcoop_8006"
product_import_cwa.cbl_1016110,CHOCOLADEREPEN EN TABLETTEN,product_import_cwa.cbl_10161,"voedselcoop_7306","voedselcoop_8006"
product_import_cwa.cbl_1016115,CANDYBARS,product_import_cwa.cbl_10161,"voedselcoop_7306","voedselcoop_8006"
product_import_cwa.cbl_1016120,SEIZOENSARTIKELEN CHOCOLADE,product_import_cwa.cbl_10161,"voedselcoop_7306","voedselcoop_8006"
product_import_cwa.cbl_1016205,"SNOEP, ZACHT SUIKERWERK",product_import_cwa.cbl_10162,"voedselcoop_7306","voedselcoop_8006"
product_import_cwa.cbl_1016210,KAUWGOM,product_import_cwa.cbl_10162,"voedselcoop_7306","voedselcoop_8006"
product_import_cwa.cbl_1016215,"DROP, HOESTARTIKELEN",product_import_cwa.cbl_10162,"voedselcoop_7306","voedselcoop_8006"
product_import_cwa.cbl_1016220,SEIZOENARTIKELEN SNOEP,product_import_cwa.cbl_10162,"voedselcoop_7306","voedselcoop_8006"
product_import_cwa.cbl_1016505,CHIPS,product_import_cwa.cbl_10165,"voedselcoop_7306","voedselcoop_8006"
product_import_cwa.cbl_1016510,ZOUTE BISCUITS EN KOEKJES,product_import_cwa.cbl_10165,"voedselcoop_7306","voedselcoop_8006"
product_import_cwa.cbl_1016515,COCKTAILSNACKS,product_import_cwa.cbl_10165,"voedselcoop_7306","voedselcoop_8006"
product_import_cwa.cbl_1016520,"VERPAKTE PINDA'S, VERPAKTE NOTEN",product_import_cwa.cbl_10165,"voedselcoop_7306","voedselcoop_8006"
product_import_cwa.cbl_1016530,"MELBA TOAST, TOASTJES, CRACKERS, CUPS",product_import_cwa.cbl_10165,"voedselcoop_7306","voedselcoop_8006"
product_import_cwa.cbl_1017005,"ALCOHOLVRIJ, ALCOHOLARM BIER",product_import_cwa.cbl_10170,"voedselcoop_7306","voedselcoop_8006"
product_import_cwa.cbl_1017010,PILSENERS,product_import_cwa.cbl_10170,"voedselcoop_7306","voedselcoop_8006"
product_import_cwa.cbl_1017015,SPECIAALBIEREN,product_import_cwa.cbl_10170,"voedselcoop_7306","voedselcoop_8006"
product_import_cwa.cbl_1017505,RODE WIJN,product_import_cwa.cbl_10175,"voedselcoop_7306","voedselcoop_8006"
product_import_cwa.cbl_1017510,WITTE WIJN,product_import_cwa.cbl_10175,"voedselcoop_7306","voedselcoop_8006"
product_import_cwa.cbl_1017515,ROSÃ© WIJNEN,product_import_cwa.cbl_10175,"voedselcoop_7306","voedselcoop_8006"
product_import_cwa.cbl_1017517,MOUSSERENDE WIJN,product_import_cwa.cbl_10175,"voedselcoop_7306","voedselcoop_8006"
product_import_cwa.cbl_1017520,SHERRY'S,product_import_cwa.cbl_10175,"voedselcoop_7306","voedselcoop_8006"
product_import_cwa.cbl_1017525,OVERIGE APERITIEVEN,product_import_cwa.cbl_10175,"voedselcoop_7306","voedselcoop_8006"
product_import_cwa.cbl_1017530,OVERIGE ALCOHOLHOUDENDE DRANKEN,product_import_cwa.cbl_10175,"voedselcoop_7306","voedselcoop_8006"
product_import_cwa.cbl_1017531,MIXDRANKEN,product_import_cwa.cbl_10175,"voedselcoop_7306","voedselcoop_8006"
product_import_cwa.cbl_1018002,COLA,product_import_cwa.cbl_10180,"voedselcoop_7306","voedselcoop_8006"
product_import_cwa.cbl_1018003,SINAS,product_import_cwa.cbl_10180,"voedselcoop_7306","voedselcoop_8006"
product_import_cwa.cbl_1018004,"LEMON, LIME",product_import_cwa.cbl_10180,"voedselcoop_7306","voedselcoop_8006"
product_import_cwa.cbl_1018005,OVERIGE FRISDRANKEN,product_import_cwa.cbl_10180,"voedselcoop_7306","voedselcoop_8006"
product_import_cwa.cbl_1018010,MINERAAL- EN BRONWATERS,product_import_cwa.cbl_10180,"voedselcoop_7306","voedselcoop_8006"
product_import_cwa.cbl_1018015,(VRUCHTEN)LIMONADESIROPEN EN -POEDERS,product_import_cwa.cbl_10180,"voedselcoop_7306","voedselcoop_8006"
product_import_cwa.cbl_1018020,"VRUCHTENSAPPEN, VRUCHTENDRANKEN, GROENTESAPPEN",product_import_cwa.cbl_10180,"voedselcoop_7306","voedselcoop_8006"
product_import_cwa.cbl_1018025,"C-SIROPEN, GECONCENTREERD VRUCHTENSAP",product_import_cwa.cbl_10180,"voedselcoop_7306","voedselcoop_8006"
product_import_cwa.cbl_1018030,SPORT- EN ENERGIEDRANKEN,product_import_cwa.cbl_10180,"voedselcoop_7306","voedselcoop_8006"
product_import_cwa.cbl_1018035,WEIDRANKEN MET VRUCHTEN,product_import_cwa.cbl_10180,"voedselcoop_7306","voedselcoop_8006"
product_import_cwa.cbl_1022005,RIJST SEMI VERS,product_import_cwa.cbl_10220,"voedselcoop_7305","voedselcoop_8005"
product_import_cwa.cbl_1022010,DEEGWAREN SEMI VERS,product_import_cwa.cbl_10220,"voedselcoop_7305","voedselcoop_8005"
product_import_cwa.cbl_1026525,NOTENBARPRODUCTEN SV,product_import_cwa.cbl_10265,"voedselcoop_7306","voedselcoop_8006"
product_import_cwa.cbl_1028020,VRUCHTENSAPPEN EN -DRANKEN / GROENTESAPPEN SV,product_import_cwa.cbl_10280,"voedselcoop_7306","voedselcoop_8006"
product_import_cwa.cbl_1110505,HOUDBARE MELK,product_import_cwa.cbl_11105,"voedselcoop_7306","voedselcoop_8006"
product_import_cwa.cbl_1111005,HOUDBARE DESSERTS,product_import_cwa.cbl_11110,"voedselcoop_7306","voedselcoop_8006"
product_import_cwa.cbl_1111010,HOUDBARE ROOMPRODUCTEN,product_import_cwa.cbl_11110,"voedselcoop_7306","voedselcoop_8006"
product_import_cwa.cbl_1111015,HOUDBARE ZUIVELDRINKS,product_import_cwa.cbl_11110,"voedselcoop_7306","voedselcoop_8006"
product_import_cwa.cbl_1111020,WATERGRUWEL,product_import_cwa.cbl_11110,"voedselcoop_7306","voedselcoop_8006"
product_import_cwa.cbl_1111025,SOYA DRINKS/DESSERTS,product_import_cwa.cbl_11110,"voedselcoop_7306","voedselcoop_8006"
product_import_cwa.cbl_1111030,CHOCOLADEDRANKEN,product_import_cwa.cbl_11110,"voedselcoop_7306","voedselcoop_8006"
product_import_cwa.cbl_1120505,EIEREN,product_import_cwa.cbl_11205,"voedselcoop_7305","voedselcoop_8005"
product_import_cwa.cbl_1121005,DAGVERSE MELK ,product_import_cwa.cbl_11210,"voedselcoop_7305","voedselcoop_8005"
product_import_cwa.cbl_1121006,DAGVERSE KARNEMELK,product_import_cwa.cbl_11210,"voedselcoop_7305","voedselcoop_8005"
product_import_cwa.cbl_1121010,DAGVERSE (KARNE-)MELKDRANKEN,product_import_cwa.cbl_11210,"voedselcoop_7305","voedselcoop_8005"
product_import_cwa.cbl_1121505,YOGHURT NATUREL (HOMOGEEN),product_import_cwa.cbl_11215,"voedselcoop_7305","voedselcoop_8005"
product_import_cwa.cbl_1121510,HOMOGENE VLA,product_import_cwa.cbl_11215,"voedselcoop_7305","voedselcoop_8005"
product_import_cwa.cbl_1121515,KWARK NATUREL,product_import_cwa.cbl_11215,"voedselcoop_7305","voedselcoop_8005"
product_import_cwa.cbl_1121520,PAPPEN,product_import_cwa.cbl_11215,"voedselcoop_7305","voedselcoop_8005"
product_import_cwa.cbl_1122005,YOGHURT MET TOEVOEGINGEN,product_import_cwa.cbl_11220,"voedselcoop_7305","voedselcoop_8005"
product_import_cwa.cbl_1122010,VLA MET TOEVOEGINGEN,product_import_cwa.cbl_11220,"voedselcoop_7305","voedselcoop_8005"
product_import_cwa.cbl_1122015,KWARK MET TOEVOEGINGEN,product_import_cwa.cbl_11220,"voedselcoop_7305","voedselcoop_8005"
product_import_cwa.cbl_1122020,PUDDING,product_import_cwa.cbl_11220,"voedselcoop_7305","voedselcoop_8005"
product_import_cwa.cbl_1122025,LUXE TOETJES / SPECIALITEITEN,product_import_cwa.cbl_11220,"voedselcoop_7305","voedselcoop_8005"
product_import_cwa.cbl_1122030,"SLAGROOM, ZURE ROOM, CREME FRAICHE",product_import_cwa.cbl_11220,"voedselcoop_7305","voedselcoop_8005"
product_import_cwa.cbl_1122035,ZUIVELDRANKEN,product_import_cwa.cbl_11220,"voedselcoop_7305","voedselcoop_8005"
product_import_cwa.cbl_1122505,BOTER,product_import_cwa.cbl_11225,"voedselcoop_7305","voedselcoop_8005"
product_import_cwa.cbl_1122510,MARGARINE,product_import_cwa.cbl_11225,"voedselcoop_7305","voedselcoop_8005"
product_import_cwa.cbl_1122515,BOTERMELANGE,product_import_cwa.cbl_11225,"voedselcoop_7305","voedselcoop_8005"
product_import_cwa.cbl_1122520,HALVARINE,product_import_cwa.cbl_11225,"voedselcoop_7305","voedselcoop_8005"
product_import_cwa.cbl_1122525,"BAKPRODUCTEN, BRAADPRODUCTEN",product_import_cwa.cbl_11225,"voedselcoop_7305","voedselcoop_8005"
product_import_cwa.cbl_1122535,FRITUURVET,product_import_cwa.cbl_11225,"voedselcoop_7305","voedselcoop_8005"
product_import_cwa.cbl_1130505,"DIEPVRIES PUDDING, DESSERTS",product_import_cwa.cbl_11305,"voedselcoop_7310","voedselcoop_8010"
product_import_cwa.cbl_1130510,DIEPVRIES GECONCENTREERDE VRUCHTEN/GROENTESAPPEN,product_import_cwa.cbl_11305,"voedselcoop_7310","voedselcoop_8010"
product_import_cwa.cbl_1131005,SCHEPIJS IN BAKKEN,product_import_cwa.cbl_11310,"voedselcoop_7310","voedselcoop_8010"
product_import_cwa.cbl_1131010,"HANDIJS, PORTIEIJS, IJSSNACKS",product_import_cwa.cbl_11310,"voedselcoop_7310","voedselcoop_8010"
product_import_cwa.cbl_1131020,IJSTAARTEN E.D.,product_import_cwa.cbl_11310,"voedselcoop_7310","voedselcoop_8010"
product_import_cwa.cbl_1220505,NEDERLANDSE KAAS UITSNIJ,product_import_cwa.cbl_12205,"voedselcoop_7303","voedselcoop_8003"
product_import_cwa.cbl_1221005,NEDERLANDSE KAAS VERPAKT ONGESNEDEN,product_import_cwa.cbl_12210,"voedselcoop_7303","voedselcoop_8003"
product_import_cwa.cbl_1221020,"NEDERLANDSE KAAS, VERPAKT, GESNEDEN EN BLOKJES",product_import_cwa.cbl_12210,"voedselcoop_7303","voedselcoop_8003"
product_import_cwa.cbl_1221505,BUITENLANDSE SPECIALITEITEN UITSNIJ,product_import_cwa.cbl_12215,"voedselcoop_7303","voedselcoop_8003"
product_import_cwa.cbl_1222005,"BUITENLANDSE SPECIALITEITEN, VERPAKT",product_import_cwa.cbl_12220,"voedselcoop_7303","voedselcoop_8003"
product_import_cwa.cbl_1222505,GERASPTE KAAS VERPAKT,product_import_cwa.cbl_12225,"voedselcoop_7303","voedselcoop_8003"
product_import_cwa.cbl_1222515,SMEERKAAS / KAASSPREAD/ DIPPERS,product_import_cwa.cbl_12225,"voedselcoop_7303","voedselcoop_8003"
product_import_cwa.cbl_1310505,AARDAPPELPUREE,product_import_cwa.afdeling_06,"voedselcoop_7306","voedselcoop_8006"
product_import_cwa.cbl_1311005,GLASCONSERVEN,product_import_cwa.cbl_13110,"voedselcoop_7306","voedselcoop_8006"
product_import_cwa.cbl_1311010,BLIKCONSERVEN,product_import_cwa.cbl_13110,"voedselcoop_7306","voedselcoop_8006"
product_import_cwa.cbl_1311015,APPELMOES,product_import_cwa.cbl_13110,"voedselcoop_7306","voedselcoop_8006"
product_import_cwa.cbl_1311020,GEDROOGDE PEULVRUCHTEN / GROENTEN,product_import_cwa.cbl_13110,"voedselcoop_7306","voedselcoop_8006"
product_import_cwa.cbl_1311030,TOMATEN,product_import_cwa.cbl_13110,"voedselcoop_7306","voedselcoop_8006"
product_import_cwa.cbl_1311031,TOMATENPUREE,product_import_cwa.cbl_13110,"voedselcoop_7306","voedselcoop_8006"
product_import_cwa.cbl_1311035,OLIJVEN HOUDBAAR,product_import_cwa.cbl_13110,"voedselcoop_7306","voedselcoop_8006"
product_import_cwa.cbl_1311505,VRUCHTENCONSERVEN IN GLAS,product_import_cwa.cbl_13115,"voedselcoop_7306","voedselcoop_8006"
product_import_cwa.cbl_1311510,VRUCHTENCONSERVEN IN BLIK,product_import_cwa.cbl_13115,"voedselcoop_7306","voedselcoop_8006"
product_import_cwa.cbl_1320505,ONBEWERKTE AARDAPPELEN,product_import_cwa.cbl_13205,"voedselcoop_7301","voedselcoop_8001"
product_import_cwa.cbl_1320510,GESCHILDE AARDAPPEL,product_import_cwa.cbl_13205,"voedselcoop_7301","voedselcoop_8001"
product_import_cwa.cbl_1321005,VERSE FRITES,product_import_cwa.cbl_13210,"voedselcoop_7301","voedselcoop_8001"
product_import_cwa.cbl_1321010,K&K AARDAPPELPRODUCTEN NATUREL,product_import_cwa.cbl_13210,"voedselcoop_7301","voedselcoop_8001"
product_import_cwa.cbl_1321020,K&K AARDAPPELPRODUCTEN MET TOEVOEGINGEN,product_import_cwa.cbl_13210,"voedselcoop_7301","voedselcoop_8001"
product_import_cwa.cbl_1321505,GROENTEN ONBEWERKT,product_import_cwa.cbl_13215,"voedselcoop_7301","voedselcoop_8001"
product_import_cwa.cbl_1321510,"KOMKOMMER, UIEN, KNOFLOOK, CHAMPIGNONS, PAPRIKA'S",product_import_cwa.cbl_13215,"voedselcoop_7301","voedselcoop_8001"
product_import_cwa.cbl_1321515,VERSE KRUIDEN EN KRUIDEN OP NAT,product_import_cwa.cbl_13215,"voedselcoop_7301","voedselcoop_8001"
product_import_cwa.cbl_1321520,BEWERKTE GROENTEN,product_import_cwa.cbl_13215,"voedselcoop_7301","voedselcoop_8001"
product_import_cwa.cbl_1321525,GEMENGDE VERSE GROENTEN,product_import_cwa.cbl_13215,"voedselcoop_7301","voedselcoop_8001"
product_import_cwa.cbl_1321530,"TAHOE, TEMPEH, TOFU",product_import_cwa.cbl_13215,"voedselcoop_7301","voedselcoop_8001"
product_import_cwa.cbl_1321535,"OLIJVEN, POMMODORI, PEPPERONI",product_import_cwa.cbl_13215,"voedselcoop_7301","voedselcoop_8001"
product_import_cwa.cbl_1322005,HARD FRUIT,product_import_cwa.cbl_13220,"voedselcoop_7301","voedselcoop_8001"
product_import_cwa.cbl_1322010,ZACHT FRUIT,product_import_cwa.cbl_13220,"voedselcoop_7301","voedselcoop_8001"
product_import_cwa.cbl_1322015,CITRUSVRUCHTEN,product_import_cwa.cbl_13220,"voedselcoop_7301","voedselcoop_8001"
product_import_cwa.cbl_1322020,EXOTEN,product_import_cwa.cbl_13220,"voedselcoop_7301","voedselcoop_8001"
product_import_cwa.cbl_1322025,BESSEN,product_import_cwa.cbl_13220,"voedselcoop_7301","voedselcoop_8001"
product_import_cwa.cbl_1322030,FRUITMANDEN,product_import_cwa.cbl_13220,"voedselcoop_7301","voedselcoop_8001"
product_import_cwa.cbl_1322035,VERSE NOTEN,product_import_cwa.cbl_13220,"voedselcoop_7301","voedselcoop_8001"
product_import_cwa.cbl_1322040,K&K VERS FRUIT,product_import_cwa.cbl_13220,"voedselcoop_7301","voedselcoop_8001"
product_import_cwa.cbl_1330505,FRITES,product_import_cwa.cbl_13305,"voedselcoop_7310","voedselcoop_8010"
product_import_cwa.cbl_1330510,OVERIGE ENKELVOUDIGE AARDAPPELPRODUCTEN,product_import_cwa.cbl_13305,"voedselcoop_7310","voedselcoop_8010"
product_import_cwa.cbl_1331005,ENKELVOUDIGE EN SAMENGESTELDE GROENTEN,product_import_cwa.cbl_13310,"voedselcoop_7310","voedselcoop_8010"
product_import_cwa.cbl_1331010,SOEPGROENTEN,product_import_cwa.cbl_13310,"voedselcoop_7310","voedselcoop_8010"
product_import_cwa.cbl_1331015,KRUIDEN,product_import_cwa.cbl_13310,"voedselcoop_7310","voedselcoop_8010"
product_import_cwa.cbl_1331020,FRUIT EN VRUCHTENMELANGE,product_import_cwa.cbl_13310,"voedselcoop_7310","voedselcoop_8010"
product_import_cwa.cbl_1410505,VLEESCONSERVEN GLAS,product_import_cwa.cbl_14105,"voedselcoop_7306","voedselcoop_8006"
product_import_cwa.cbl_1410510,VLEESCONSERVEN BLIK,product_import_cwa.cbl_14105,"voedselcoop_7306","voedselcoop_8006"
product_import_cwa.cbl_1410515,VLEES IN FOLIE/PLASTIC PAKKEN,product_import_cwa.cbl_14105,"voedselcoop_7306","voedselcoop_8006"
product_import_cwa.cbl_1410520,ROOKWORST VERPAKT,product_import_cwa.cbl_14105,"voedselcoop_7306","voedselcoop_8006"
product_import_cwa.cbl_1410525,VACUUM KIP,product_import_cwa.cbl_14105,"voedselcoop_7306","voedselcoop_8006"
product_import_cwa.cbl_1410530,VEGETARISCHE VLEESVERVANGERS,product_import_cwa.cbl_14105,"voedselcoop_7306","voedselcoop_8006"
product_import_cwa.cbl_1420505,VARKENSVLEES,product_import_cwa.cbl_14205,"voedselcoop_7306","voedselcoop_8006"
product_import_cwa.cbl_1420506,VARKENSVLEES PANKLAAR,product_import_cwa.cbl_14205,"voedselcoop_7306","voedselcoop_8006"
product_import_cwa.cbl_1420510,RUNDVLEES,product_import_cwa.cbl_14205,"voedselcoop_7306","voedselcoop_8006"
product_import_cwa.cbl_1420511,RUNDVLEES PANKLAAR,product_import_cwa.cbl_14205,"voedselcoop_7306","voedselcoop_8006"
product_import_cwa.cbl_1420515,PAARDENVLEES,product_import_cwa.cbl_14205,"voedselcoop_7306","voedselcoop_8006"
product_import_cwa.cbl_1420520,KALFSVLEES,product_import_cwa.cbl_14205,"voedselcoop_7306","voedselcoop_8006"
product_import_cwa.cbl_1420525,"LAMSVLEES, SCHAPENVLEES",product_import_cwa.cbl_14205,"voedselcoop_7306","voedselcoop_8006"
product_import_cwa.cbl_1420530,GEDRAAIDE VLEESPRODUCTEN,product_import_cwa.cbl_14205,"voedselcoop_7306","voedselcoop_8006"
product_import_cwa.cbl_1420535,BGF-PAKKETTEN,product_import_cwa.cbl_14205,"voedselcoop_7306","voedselcoop_8006"
product_import_cwa.cbl_1420540,OVERIG PANKLAAR VLEES,product_import_cwa.cbl_14205,"voedselcoop_7306","voedselcoop_8006"
product_import_cwa.cbl_1420545,VERSE  ROOKWORST,product_import_cwa.cbl_14205,"voedselcoop_7306","voedselcoop_8006"
product_import_cwa.cbl_1420550,VEGETARISCHE VLEESVERVANGERS,product_import_cwa.afdeling_05,"voedselcoop_7305","voedselcoop_8005"
product_import_cwa.cbl_1420551,VEGETARISCHE VLEESVERVANGERS PANKLAAR,product_import_cwa.afdeling_05,"voedselcoop_7305","voedselcoop_8005"
product_import_cwa.cbl_1421005,KIP,product_import_cwa.cbl_14210,"voedselcoop_7304","voedselcoop_8004"
product_import_cwa.cbl_1421006,KIP PANKLAAR,product_import_cwa.cbl_14210,"voedselcoop_7304","voedselcoop_8004"
product_import_cwa.cbl_1421010,KALKOEN,product_import_cwa.cbl_14210,"voedselcoop_7304","voedselcoop_8004"
product_import_cwa.cbl_1421011,KALKOEN PANKLAAR,product_import_cwa.cbl_14210,"voedselcoop_7304","voedselcoop_8004"
product_import_cwa.cbl_1421015,OVERIG GEVOGELTE,product_import_cwa.cbl_14210,"voedselcoop_7304","voedselcoop_8004"
product_import_cwa.cbl_1421020,OVERIG PANKLAAR GEVOGELTE,product_import_cwa.cbl_14210,"voedselcoop_7304","voedselcoop_8004"
product_import_cwa.cbl_1421505,"HAAS,KONIJN",product_import_cwa.cbl_14215,"voedselcoop_7304","voedselcoop_8004"
product_import_cwa.cbl_1421510,OVERIG WILD,product_import_cwa.cbl_14215,"voedselcoop_7304","voedselcoop_8004"
product_import_cwa.cbl_1430505,KIP EN ANDER GEVOGELTE,product_import_cwa.cbl_14305,"voedselcoop_7310","voedselcoop_8010"
product_import_cwa.cbl_1430510,WILD,product_import_cwa.cbl_14305,"voedselcoop_7310","voedselcoop_8010"
product_import_cwa.cbl_1430515,VLEES / TOEBEREID VLEES,product_import_cwa.cbl_14305,"voedselcoop_7310","voedselcoop_8010"
product_import_cwa.cbl_1430520,VEGETARISCHE VLEESVERVANGERS,product_import_cwa.cbl_14305,"voedselcoop_7310","voedselcoop_8010"
product_import_cwa.cbl_1431005,SATEH,product_import_cwa.cbl_14310,"voedselcoop_7310","voedselcoop_8010"
product_import_cwa.cbl_1431015,"HAMBURGERS, FRIKADELLEN",product_import_cwa.cbl_14310,"voedselcoop_7310","voedselcoop_8010"
product_import_cwa.cbl_1431020,"KROKETTEN, BITTERBALLEN",product_import_cwa.cbl_14310,"voedselcoop_7310","voedselcoop_8010"
product_import_cwa.cbl_1431025,GEVOGELTE SNACKS,product_import_cwa.cbl_14310,"voedselcoop_7310","voedselcoop_8010"
product_import_cwa.cbl_1431030,DIEPVRIES OVERIGE SNACKS / SPECIALITEITEN,product_import_cwa.cbl_14310,"voedselcoop_7310","voedselcoop_8010"
product_import_cwa.cbl_1510505,VLEESWARENCONSERVEN,product_import_cwa.cbl_15105,"voedselcoop_7306","voedselcoop_8006"
product_import_cwa.cbl_1520505,LEVERPRODUCTEN SNIJVERS,product_import_cwa.cbl_15205,"voedselcoop_7305","voedselcoop_8005"
product_import_cwa.cbl_1520510,PATE'S SNIJVERS,product_import_cwa.cbl_15205,"voedselcoop_7305","voedselcoop_8005"
product_import_cwa.cbl_1520515,HAM SNIJVERS,product_import_cwa.cbl_15205,"voedselcoop_7305","voedselcoop_8005"
product_import_cwa.cbl_1520520,ROOKVLEES EN ROSBIEF SNIJVERS,product_import_cwa.cbl_15205,"voedselcoop_7305","voedselcoop_8005"
product_import_cwa.cbl_1520525,"RIBSOORT SNIJVERS, SPEKSOORT SNIJVERS",product_import_cwa.cbl_15205,"voedselcoop_7305","voedselcoop_8005"
product_import_cwa.cbl_1520530,"KIPPRODUCTEN SNIJVERS, KALKOENPRODUCTEN SNIJVERS",product_import_cwa.cbl_15205,"voedselcoop_7305","voedselcoop_8005"
product_import_cwa.cbl_1520535,DROGE EN GEKOOKTE WORST SNIJVERS,product_import_cwa.cbl_15205,"voedselcoop_7305","voedselcoop_8005"
product_import_cwa.cbl_1520540,VEGETARISCHE VLEESWAREN SNIJVERS,product_import_cwa.cbl_15205,"voedselcoop_7305","voedselcoop_8005"
product_import_cwa.cbl_1521005,VERPAKTE LEVERPRODUCTEN,product_import_cwa.cbl_15210,"voedselcoop_7305","voedselcoop_8005"
product_import_cwa.cbl_1521015,VERPAKTE HAM,product_import_cwa.cbl_15210,"voedselcoop_7305","voedselcoop_8005"
product_import_cwa.cbl_1521020,VERPAKTE ROOKVLEES/ROSBIEF,product_import_cwa.cbl_15210,"voedselcoop_7305","voedselcoop_8005"
product_import_cwa.cbl_1521025,VERPAKTE RIBSOORTEN EN SPEKSOORTEN,product_import_cwa.cbl_15210,"voedselcoop_7305","voedselcoop_8005"
product_import_cwa.cbl_1521030,VERPAKTE KIPPRODUCTEN EN KALKOENPRODUCTEN,product_import_cwa.cbl_15210,"voedselcoop_7305","voedselcoop_8005"
product_import_cwa.cbl_1521035,VERPAKTE DROGE EN GEKOOKTE WORST,product_import_cwa.cbl_15210,"voedselcoop_7305","voedselcoop_8005"
product_import_cwa.cbl_1521040,VERPAKTE VEGETARISCHE VLEESWAREN ,product_import_cwa.cbl_15210,"voedselcoop_7305","voedselcoop_8005"
product_import_cwa.cbl_1521505,LEVERWORST,product_import_cwa.cbl_15215,"voedselcoop_7305","voedselcoop_8005"
product_import_cwa.cbl_1521510,THEEWORST,product_import_cwa.cbl_15215,"voedselcoop_7305","voedselcoop_8005"
product_import_cwa.cbl_1521515,DROGE EN GEKOOKTE WORST,product_import_cwa.cbl_15215,"voedselcoop_7305","voedselcoop_8005"
product_import_cwa.cbl_1521520,ZURE ZULT,product_import_cwa.cbl_15215,"voedselcoop_7305","voedselcoop_8005"
product_import_cwa.cbl_1521525,BORRELHAPJES,product_import_cwa.cbl_15215,"voedselcoop_7305","voedselcoop_8005"
product_import_cwa.cbl_1521530,FILET AMERICAIN,product_import_cwa.cbl_15215,"voedselcoop_7305","voedselcoop_8005"
product_import_cwa.cbl_1521535,PATE,product_import_cwa.cbl_15215,"voedselcoop_7305","voedselcoop_8005"
product_import_cwa.cbl_1522005,SCHEPSALADES LOS,product_import_cwa.cbl_15220,"voedselcoop_7305","voedselcoop_8005"
product_import_cwa.cbl_1522010,VERPAKTE SALADES,product_import_cwa.cbl_15220,"voedselcoop_7305","voedselcoop_8005"
product_import_cwa.cbl_1522015,SAUZEN LOS,product_import_cwa.cbl_15220,"voedselcoop_7305","voedselcoop_8005"
product_import_cwa.cbl_1522020,SAUZEN VERPAKT,product_import_cwa.cbl_15220,"voedselcoop_7305","voedselcoop_8005"
product_import_cwa.cbl_1610505,"VIS, SCHAAL- EN SCHELPDIEREN IN BLIK",product_import_cwa.cbl_16105,"voedselcoop_7306","voedselcoop_8006"
product_import_cwa.cbl_1610510,VISPRODUCTEN IN TUBE,product_import_cwa.cbl_16105,"voedselcoop_7306","voedselcoop_8006"
product_import_cwa.cbl_1610515,"VIS, SCHAAL- EN SCHELPDIEREN IN GLAS",product_import_cwa.cbl_16105,"voedselcoop_7306","voedselcoop_8006"
product_import_cwa.cbl_1620505,"VERSE VIS, ONBEWERKT, GEFILEERD, GEROOKT, GEDROOGD",product_import_cwa.cbl_16205,"voedselcoop_7304","voedselcoop_8004"
product_import_cwa.cbl_1620510,GEBAKKEN / GEFRITUURDE VIS,product_import_cwa.cbl_16205,"voedselcoop_7304","voedselcoop_8004"
product_import_cwa.cbl_1620515,MAATJESHARING,product_import_cwa.cbl_16205,"voedselcoop_7304","voedselcoop_8004"
product_import_cwa.cbl_1621005,SCHAAL- EN SCHELPDIEREN,product_import_cwa.cbl_16210,"voedselcoop_7304","voedselcoop_8004"
product_import_cwa.cbl_1621505,VERPAKTE VIS NIET IN GLAS,product_import_cwa.cbl_16215,"voedselcoop_7304","voedselcoop_8004"
product_import_cwa.cbl_1621510,OVERIGE VIS IN GLAS,product_import_cwa.cbl_16215,"voedselcoop_7304","voedselcoop_8004"
product_import_cwa.cbl_1621515,HARING IN GLAS OF EMMER,product_import_cwa.cbl_16215,"voedselcoop_7304","voedselcoop_8004"
product_import_cwa.cbl_1622005,VERPAKTE SCHAAL- EN SCHELPDIEREN,product_import_cwa.cbl_16220,"voedselcoop_7304","voedselcoop_8004"
product_import_cwa.cbl_1630505,VIS NATUREL / TOEBEREID,product_import_cwa.cbl_16305,"voedselcoop_7310","voedselcoop_8010"
product_import_cwa.cbl_1630510,GECOATE VIS,product_import_cwa.cbl_16305,"voedselcoop_7310","voedselcoop_8010"
product_import_cwa.cbl_1630515,DIEPVRIES MAATJESHARNG,product_import_cwa.cbl_16305,"voedselcoop_7310","voedselcoop_8010"
product_import_cwa.cbl_1631005,SCHAAL EN SCHELPDIEREN,product_import_cwa.cbl_16310,"voedselcoop_7310","voedselcoop_8010"
product_import_cwa.cbl_1710505,ROGGEBROOD,product_import_cwa.cbl_17105,"voedselcoop_7306","voedselcoop_8006"
product_import_cwa.cbl_1710510,BUITENLANDS/HOUDBAAR  BROOD,product_import_cwa.cbl_17105,"voedselcoop_7306","voedselcoop_8006"
product_import_cwa.cbl_1710515,HALFFABRIKATEN,product_import_cwa.cbl_17105,"voedselcoop_7306","voedselcoop_8006"
product_import_cwa.cbl_1711005,BESCHUIT,product_import_cwa.cbl_17110,"voedselcoop_7306","voedselcoop_8006"
product_import_cwa.cbl_1711010,GEPOFTE RIJSTWAFELS,product_import_cwa.cbl_17110,"voedselcoop_7306","voedselcoop_8006"
product_import_cwa.cbl_1711015,KNÃ€CKEBRÃ¶D,product_import_cwa.cbl_17110,"voedselcoop_7306","voedselcoop_8006"
product_import_cwa.cbl_1711020,GEROOSTERD BROOD / CRACKERS GROOT,product_import_cwa.cbl_17110,"voedselcoop_7306","voedselcoop_8006"
product_import_cwa.cbl_1711025,ONTBIJTKOEK,product_import_cwa.cbl_17110,"voedselcoop_7306","voedselcoop_8006"
product_import_cwa.cbl_1720505,WIT BROOD,product_import_cwa.cbl_17205,"voedselcoop_7302","voedselcoop_8002"
product_import_cwa.cbl_1720510,BRUIN BROOD,product_import_cwa.cbl_17205,"voedselcoop_7302","voedselcoop_8002"
product_import_cwa.cbl_1720515,VOLKORENBROOD,product_import_cwa.cbl_17205,"voedselcoop_7302","voedselcoop_8002"
product_import_cwa.cbl_1720520,MEERGRANENBROOD,product_import_cwa.cbl_17205,"voedselcoop_7302","voedselcoop_8002"
product_import_cwa.cbl_1720530,GEVULD BROOD,product_import_cwa.cbl_17205,"voedselcoop_7302","voedselcoop_8002"
product_import_cwa.cbl_1721005,KLEIN WITBROOD,product_import_cwa.cbl_17210,"voedselcoop_7302","voedselcoop_8002"
product_import_cwa.cbl_1721010,KLEIN BRUINBROOD,product_import_cwa.cbl_17210,"voedselcoop_7302","voedselcoop_8002"
product_import_cwa.cbl_1721015,KLEIN BROOD VOLKOREN EN MEERGRANEN,product_import_cwa.cbl_17210,"voedselcoop_7302","voedselcoop_8002"
product_import_cwa.cbl_1721020,KLEIN BROOD GEVULD,product_import_cwa.cbl_17210,"voedselcoop_7302","voedselcoop_8002"
product_import_cwa.cbl_1721315,HALFFABRIKAAT VERS GEKOELD ,product_import_cwa.cbl_17213,"voedselcoop_7305","voedselcoop_8005"
product_import_cwa.cbl_1721505,HARTIGE SNACKS,product_import_cwa.cbl_17215,"voedselcoop_7302","voedselcoop_8002"
product_import_cwa.cbl_1721510,ZOETE SNACKS,product_import_cwa.cbl_17215,"voedselcoop_7302","voedselcoop_8002"
product_import_cwa.cbl_1721515,BROODSNACKS GROOT,product_import_cwa.cbl_17215,"voedselcoop_7302","voedselcoop_8002"
product_import_cwa.cbl_1722005,STOKBROOD,product_import_cwa.cbl_17220,"voedselcoop_7306","voedselcoop_8006"
product_import_cwa.cbl_1722010,GEKOELDE HALFFABRIKATEN GROOT,product_import_cwa.cbl_17220,"voedselcoop_7306","voedselcoop_8006"
product_import_cwa.cbl_1722505,SEIZOENSBROOD,product_import_cwa.cbl_17225,"voedselcoop_7302","voedselcoop_8002"
product_import_cwa.cbl_1723005,TAARTEN EN SCHNITTES,product_import_cwa.cbl_17230,"voedselcoop_7302","voedselcoop_8002"
product_import_cwa.cbl_1723010,VLAAIEN,product_import_cwa.cbl_17230,"voedselcoop_7302","voedselcoop_8002"
product_import_cwa.cbl_1723505,KLEIN GEBAK,product_import_cwa.cbl_17235,"voedselcoop_7302","voedselcoop_8002"
product_import_cwa.cbl_1724005,BANKET,product_import_cwa.cbl_17240,"voedselcoop_7302","voedselcoop_8002"
product_import_cwa.cbl_1730505,BLADERDEEG,product_import_cwa.cbl_17305,"voedselcoop_7310","voedselcoop_8010"
product_import_cwa.cbl_1731005,GROOT GEBAK,product_import_cwa.cbl_17310,"voedselcoop_7310","voedselcoop_8010"
product_import_cwa.cbl_1731010,KLEIN GEBAK,product_import_cwa.cbl_17310,"voedselcoop_7310","voedselcoop_8010"
product_import_cwa.cbl_1810510,BUITENLANDSE MAALTIJDEN,product_import_cwa.cbl_18105,"voedselcoop_7306","voedselcoop_8006"
product_import_cwa.cbl_1810515,BINNENLANDSE MAALTIJDEN,product_import_cwa.cbl_18105,"voedselcoop_7306","voedselcoop_8006"
product_import_cwa.cbl_1810520,MAALTIJDCOMPONENTEN,product_import_cwa.cbl_18105,"voedselcoop_7306","voedselcoop_8006"
product_import_cwa.cbl_1820505,BELEGD BROODJE/SANDWICH,product_import_cwa.cbl_18205,"voedselcoop_7305","voedselcoop_8005"
product_import_cwa.cbl_1821005,BINNENLANDSE MAALTIJDEN,product_import_cwa.cbl_18210,"voedselcoop_7305","voedselcoop_8005"
product_import_cwa.cbl_1821010,BUITENLANDSE MAALTIJDEN,product_import_cwa.cbl_18210,"voedselcoop_7305","voedselcoop_8005"
product_import_cwa.cbl_1821015,(MAALTIJD)SOEPEN,product_import_cwa.cbl_18210,"voedselcoop_7305","voedselcoop_8005"
product_import_cwa.cbl_1821020,PIZZA,product_import_cwa.cbl_18210,"voedselcoop_7305","voedselcoop_8005"
product_import_cwa.cbl_1821025,MAALTIJDCOMPONENTEN / TRAITEURACHTIGE PRODUCTEN,product_import_cwa.cbl_18210,"voedselcoop_7305","voedselcoop_8005"
product_import_cwa.cbl_1830505,DIEPVRIES (MAALTIJD)SOEPEN,product_import_cwa.cbl_18305,"voedselcoop_7310","voedselcoop_8010"
product_import_cwa.cbl_1830510,K&K DIEPVRIESMENU'S,product_import_cwa.cbl_18305,"voedselcoop_7310","voedselcoop_8010"
product_import_cwa.cbl_1830515,PIZZA'S,product_import_cwa.cbl_18305,"voedselcoop_7310","voedselcoop_8010"
product_import_cwa.cbl_1830520,MAALTIJDCOMPONENTEN,product_import_cwa.cbl_18305,"voedselcoop_7310","voedselcoop_8010"
product_import_cwa.cbl_1830525,TRAITEURACHTIGE PRODUCTEN,product_import_cwa.cbl_18305,"voedselcoop_7310","voedselcoop_8010"
product_import_cwa.cbl_1910505,DROOG HONDENVOER,product_import_cwa.cbl_19105,"voedselcoop_7307","voedselcoop_8007"
product_import_cwa.cbl_1910510,NAT HONDENVOER,product_import_cwa.cbl_19105,"voedselcoop_7307","voedselcoop_8007"
product_import_cwa.cbl_1910515,SNACKS VOOR HONDEN,product_import_cwa.cbl_19105,"voedselcoop_7307","voedselcoop_8007"
product_import_cwa.cbl_1911005,DROOG KATTENVOER,product_import_cwa.cbl_19110,"voedselcoop_7307","voedselcoop_8007"
product_import_cwa.cbl_1911010,NAT KATTENVOER,product_import_cwa.cbl_19110,"voedselcoop_7307","voedselcoop_8007"
product_import_cwa.cbl_1911015,SNACKS VOOR KATTEN,product_import_cwa.cbl_19110,"voedselcoop_7307","voedselcoop_8007"
product_import_cwa.cbl_1911505,VOGELVOER,product_import_cwa.cbl_19115,"voedselcoop_7307","voedselcoop_8007"
product_import_cwa.cbl_1911510,KNAAGDIERVOER,product_import_cwa.cbl_19115,"voedselcoop_7307","voedselcoop_8007"
product_import_cwa.cbl_1911515,VISVOER,product_import_cwa.cbl_19115,"voedselcoop_7307","voedselcoop_8007"
product_import_cwa.cbl_1920505,ORGAANVLEES VERS,product_import_cwa.cbl_19205,"voedselcoop_7304","voedselcoop_8004"
product_import_cwa.cbl_1930505,"ORGAANVLEES, DIEPVRIES",product_import_cwa.cbl_19305,"voedselcoop_7310","voedselcoop_8010"
product_import_cwa.cbl_2010505,SIGARETTEN,product_import_cwa.cbl_20105,"voedselcoop_7307","voedselcoop_8007"
product_import_cwa.cbl_2010510,SIGAREN,product_import_cwa.cbl_20105,"voedselcoop_7307","voedselcoop_8007"
product_import_cwa.cbl_2010515,SHAG,product_import_cwa.cbl_20105,"voedselcoop_7307","voedselcoop_8007"
product_import_cwa.cbl_2010520,PIJPTABAK,product_import_cwa.cbl_20105,"voedselcoop_7307","voedselcoop_8007"
product_import_cwa.cbl_2011005,VLOEI,product_import_cwa.cbl_20110,"voedselcoop_7307","voedselcoop_8007"
product_import_cwa.cbl_2011010,HULZEN/FILTERS,product_import_cwa.cbl_20110,"voedselcoop_7307","voedselcoop_8007"
product_import_cwa.cbl_2011015,AANSTEKERS,product_import_cwa.cbl_20110,"voedselcoop_7307","voedselcoop_8007"
product_import_cwa.cbl_2110505,"TOILETZEEP, BADZEEP, DOUCHESCHUIM",product_import_cwa.cbl_21105,"voedselcoop_7307","voedselcoop_8007"
product_import_cwa.cbl_2110510,VERZORGENDE COSMETICA,product_import_cwa.cbl_21105,"voedselcoop_7307","voedselcoop_8007"
product_import_cwa.cbl_2110511,DEODORANTS,product_import_cwa.cbl_21105,"voedselcoop_7307","voedselcoop_8007"
product_import_cwa.cbl_2110512,DAMES EN HERENGEUREN,product_import_cwa.cbl_21105,"voedselcoop_7307","voedselcoop_8007"
product_import_cwa.cbl_2110513,ONTHARINGSPRODUCTEN,product_import_cwa.cbl_21105,"voedselcoop_7307","voedselcoop_8007"
product_import_cwa.cbl_2110515,DECORATIEVE COSMETICA EN TOEBEHOREN,product_import_cwa.cbl_21105,"voedselcoop_7307","voedselcoop_8007"
product_import_cwa.cbl_2110520,SHAMPOO,product_import_cwa.cbl_21105,"voedselcoop_7307","voedselcoop_8007"
product_import_cwa.cbl_2110525,OVERIGE HAARVERZORGINGS PRODUCTEN,product_import_cwa.cbl_21105,"voedselcoop_7307","voedselcoop_8007"
product_import_cwa.cbl_2110530,MONDVERZORGING,product_import_cwa.cbl_21105,"voedselcoop_7307","voedselcoop_8007"
product_import_cwa.cbl_2110535,BABYVERZORGING,product_import_cwa.cbl_21105,"voedselcoop_7307","voedselcoop_8007"
product_import_cwa.cbl_2110540,SCHEERPRODUCTEN EN TOEBEHOREN,product_import_cwa.cbl_21105,"voedselcoop_7307","voedselcoop_8007"
product_import_cwa.cbl_2110545,"WONDARTIKELEN, INHALER",product_import_cwa.cbl_21105,"voedselcoop_7307","voedselcoop_8007"
product_import_cwa.cbl_2110550,CONDOOMS,product_import_cwa.cbl_21105,"voedselcoop_7307","voedselcoop_8007"
product_import_cwa.cbl_2111005,"DAMESVERBAND, INLEGKRUISJES, TAMPONS",product_import_cwa.cbl_21110,"voedselcoop_7307","voedselcoop_8007"
product_import_cwa.cbl_2111010,WEGGOOILUIERS,product_import_cwa.cbl_21110,"voedselcoop_7307","voedselcoop_8007"
product_import_cwa.cbl_2111015,INCONTINENTIEPRODUCTEN,product_import_cwa.cbl_21110,"voedselcoop_7307","voedselcoop_8007"
product_import_cwa.cbl_2111505,(VOCHTIG) WC-PAPIER,product_import_cwa.cbl_21115,"voedselcoop_7307","voedselcoop_8007"
product_import_cwa.cbl_2111510,KEUKENROLLEN,product_import_cwa.cbl_21115,"voedselcoop_7307","voedselcoop_8007"
product_import_cwa.cbl_2112005,"PAPIEREN ZAKDOEKJES, TISSUES",product_import_cwa.cbl_21120,"voedselcoop_7307","voedselcoop_8007"
product_import_cwa.cbl_2210505,WITWASMIDDELEN,product_import_cwa.cbl_22105,"voedselcoop_7307","voedselcoop_8007"
product_import_cwa.cbl_2210510,"BONT-, WOL-, FIJN-, EN HANDWASMIDDELEN",product_import_cwa.cbl_22105,"voedselcoop_7307","voedselcoop_8007"
product_import_cwa.cbl_2210515,VOORWASMIDDELEN,product_import_cwa.cbl_22105,"voedselcoop_7307","voedselcoop_8007"
product_import_cwa.cbl_2210520,WASVERZACHTERS,product_import_cwa.cbl_22105,"voedselcoop_7307","voedselcoop_8007"
product_import_cwa.cbl_2210525,OVERIG WASMIDDELEN,product_import_cwa.cbl_22105,"voedselcoop_7307","voedselcoop_8007"
product_import_cwa.cbl_2210530,AFWAS-/VAATWASMIDDELEN,product_import_cwa.cbl_22105,"voedselcoop_7307","voedselcoop_8007"
product_import_cwa.cbl_2210535,"GENERIEKE REINIGERS, SCHUURMIDDEL",product_import_cwa.cbl_22105,"voedselcoop_7307","voedselcoop_8007"
product_import_cwa.cbl_2210540,SPECIALISTISCHE REINIGERS,product_import_cwa.cbl_22105,"voedselcoop_7307","voedselcoop_8007"
product_import_cwa.cbl_2210545,TOILETREINIGERS,product_import_cwa.cbl_22105,"voedselcoop_7307","voedselcoop_8007"
product_import_cwa.cbl_2210550,LUCHTVERFRISSERS,product_import_cwa.cbl_22105,"voedselcoop_7307","voedselcoop_8007"
product_import_cwa.cbl_2211005,MEUBELREINIGING/ONDERHOUDSMIDDELEN,product_import_cwa.cbl_22110,"voedselcoop_7307","voedselcoop_8007"
product_import_cwa.cbl_2211010,"ZILVERPOETS, KOPERPOETS",product_import_cwa.cbl_22110,"voedselcoop_7307","voedselcoop_8007"
product_import_cwa.cbl_2211015,VLOERREINIGING/ONDERHOUD,product_import_cwa.cbl_22110,"voedselcoop_7307","voedselcoop_8007"
product_import_cwa.cbl_2211020,SCHOENPOETSMIDDELEN,product_import_cwa.cbl_22110,"voedselcoop_7307","voedselcoop_8007"
product_import_cwa.cbl_2310505,SCHRIJFWAREN,product_import_cwa.cbl_23105,"voedselcoop_7307","voedselcoop_8007"
product_import_cwa.cbl_2310510,BUREAU ACCESSOIRES,product_import_cwa.cbl_23105,"voedselcoop_7307","voedselcoop_8007"
product_import_cwa.cbl_2310520,"SCHRIJFBLOKKEN, MULTO-PAPIER, SCHRIFTEN",product_import_cwa.cbl_23105,"voedselcoop_7307","voedselcoop_8007"
product_import_cwa.cbl_2310525,ENVELOPPEN,product_import_cwa.cbl_23105,"voedselcoop_7307","voedselcoop_8007"
product_import_cwa.cbl_2310530,"KADOPAPIER, FEESTARTIKELEN, DECORATIES",product_import_cwa.cbl_23105,"voedselcoop_7307","voedselcoop_8007"
product_import_cwa.cbl_2311005,WENSKAARTEN,product_import_cwa.cbl_23110,"voedselcoop_7307","voedselcoop_8007"
product_import_cwa.cbl_2410505,DAGBLADEN,product_import_cwa.cbl_24105,"voedselcoop_7307","voedselcoop_8007"
product_import_cwa.cbl_2411005,VROUWENBLADEN,product_import_cwa.cbl_24110,"voedselcoop_7307","voedselcoop_8007"
product_import_cwa.cbl_2411010,MANNENBLADEN,product_import_cwa.cbl_24110,"voedselcoop_7307","voedselcoop_8007"
product_import_cwa.cbl_2411015,FAMILIE- RODDELBLADEN,product_import_cwa.cbl_24110,"voedselcoop_7307","voedselcoop_8007"
product_import_cwa.cbl_2411020,RTV-BLADEN,product_import_cwa.cbl_24110,"voedselcoop_7307","voedselcoop_8007"
product_import_cwa.cbl_2411025,SPECIALE INTERESTBLADEN,product_import_cwa.cbl_24110,"voedselcoop_7307","voedselcoop_8007"
product_import_cwa.cbl_2411030,PUZZELBLADEN,product_import_cwa.cbl_24110,"voedselcoop_7307","voedselcoop_8007"
product_import_cwa.cbl_2411035,OPINIEWEEKBLADEN,product_import_cwa.cbl_24110,"voedselcoop_7307","voedselcoop_8007"
product_import_cwa.cbl_2411040,EENMALIGE UITGAVEN,product_import_cwa.cbl_24110,"voedselcoop_7307","voedselcoop_8007"
product_import_cwa.cbl_2411505,"BOEKEN, POCKETS",product_import_cwa.cbl_24115,"voedselcoop_7307","voedselcoop_8007"
product_import_cwa.cbl_2511005,"VUILNISZAKKEN, PEDAALEMMERZAKKEN",product_import_cwa.cbl_25110,"voedselcoop_7307","voedselcoop_8007"
product_import_cwa.cbl_2511010,HUISHOUDFOLIE,product_import_cwa.cbl_25110,"voedselcoop_7307","voedselcoop_8007"
product_import_cwa.cbl_2511015,"BOTERHAMZAKJES, DIEPVRIESZAKJES",product_import_cwa.cbl_25110,"voedselcoop_7307","voedselcoop_8007"
product_import_cwa.cbl_2511020,"WASEMKAPFILTERS, STOFZUIGERZAKKEN",product_import_cwa.cbl_25110,"voedselcoop_7307","voedselcoop_8007"
product_import_cwa.cbl_2511025,KOFFIEFILTERS,product_import_cwa.cbl_25110,"voedselcoop_7307","voedselcoop_8007"
product_import_cwa.cbl_2511030,WEGWERPARTIKELEN,product_import_cwa.cbl_25110,"voedselcoop_7307","voedselcoop_8007"
product_import_cwa.cbl_2511035,ONDERHOUDSMATERIALEN / BORSTELWERK,product_import_cwa.cbl_25110,"voedselcoop_7307","voedselcoop_8007"
product_import_cwa.cbl_2511040,INSECTENVERDELGERS,product_import_cwa.cbl_25110,"voedselcoop_7307","voedselcoop_8007"
product_import_cwa.cbl_2512005,"ZUIGFLESSEN, SPENEN",product_import_cwa.cbl_25120,"voedselcoop_7307","voedselcoop_8007"
product_import_cwa.cbl_2512505,PANTY'S/NYLONS,product_import_cwa.cbl_25125,"voedselcoop_7307","voedselcoop_8007"
product_import_cwa.cbl_2513005,GLOEILAMPEN,product_import_cwa.cbl_25130,"voedselcoop_7307","voedselcoop_8007"
product_import_cwa.cbl_2513010,BATTERIJEN,product_import_cwa.cbl_25130,"voedselcoop_7307","voedselcoop_8007"
product_import_cwa.cbl_2513015,"KAARSEN, WAXINELICHTJES",product_import_cwa.cbl_25130,"voedselcoop_7307","voedselcoop_8007"
product_import_cwa.cbl_2513020,"AANMAAKBLOKJES, HOUTSKOOL",product_import_cwa.cbl_25130,"voedselcoop_7307","voedselcoop_8007"
product_import_cwa.cbl_2513025,LUCIFERS,product_import_cwa.cbl_25130,"voedselcoop_7307","voedselcoop_8007"
product_import_cwa.cbl_2610505,BLOEMEN- EN PLANTVOEDING EN VERZORGING,product_import_cwa.cbl_26105,"voedselcoop_7307","voedselcoop_8007"
product_import_cwa.cbl_2610520,POTGROND,product_import_cwa.cbl_26105,"voedselcoop_7307","voedselcoop_8007"
product_import_cwa.cbl_2620505,SNIJBLOEMEN,product_import_cwa.cbl_26205,"voedselcoop_7307","voedselcoop_8007"
product_import_cwa.cbl_2620510,(KAMER)PLANTEN,product_import_cwa.cbl_26205,"voedselcoop_7307","voedselcoop_8007"
product_import_cwa.cbl_2620515,SEIZOENSARTIKELEN,product_import_cwa.cbl_26205,"voedselcoop_7307","voedselcoop_8007"
product_import_cwa.cbl_2710505,DIERENBENODIGDHEDEN,product_import_cwa.cbl_27105,"voedselcoop_7307","voedselcoop_8007"
product_import_cwa.cbl_2710510,KATTENBAKVULLING,product_import_cwa.cbl_27105,"voedselcoop_7307","voedselcoop_8007"
product_import_cwa.cbl_2710515,SCHELPENZAND,product_import_cwa.cbl_27105,"voedselcoop_7307","voedselcoop_8007"
product_import_cwa.cbl_2710520,"HOOI, STRO",product_import_cwa.cbl_27105,"voedselcoop_7307","voedselcoop_8007"
product_import_cwa.cbl_2810505,BOODSCHAPPENTASSEN,product_import_cwa.cbl_28105,"voedselcoop_7307","voedselcoop_8007"
product_import_cwa.cbl_2810510,FOLDERS EN BROCHURES,product_import_cwa.cbl_28105,"voedselcoop_7307","voedselcoop_8007"
product_import_cwa.cbl_2810515,WAARDEBONNEN,product_import_cwa.cbl_28105,"voedselcoop_7307","voedselcoop_8007"
product_import_cwa.cbl_2810520,EMBALLAGE,product_import_cwa.cbl_28105,"voedselcoop_7307","voedselcoop_8007"
product_import_cwa.cbl_2811005,"KOUSEN, SOKKEN",product_import_cwa.cbl_28110,"voedselcoop_7307","voedselcoop_8007"
product_import_cwa.cbl_2811010,HUISHOUDTEXTIEL,product_import_cwa.cbl_28110,"voedselcoop_7307","voedselcoop_8007"
product_import_cwa.cbl_2811015,ONDERGOED,product_import_cwa.cbl_28110,"voedselcoop_7307","voedselcoop_8007"
product_import_cwa.cbl_2811020,OVERIGE TEXTIEL,product_import_cwa.cbl_28110,"voedselcoop_7307","voedselcoop_8007"
product_import_cwa.cbl_2811025,SCHOEISEL,product_import_cwa.cbl_28110,"voedselcoop_7307","voedselcoop_8007"
product_import_cwa.cbl_2811505,FOTO MATERIALEN,product_import_cwa.cbl_28115,"voedselcoop_7307","voedselcoop_8007"
product_import_cwa.cbl_2811510,"BEELDDRAGERS, GELUIDDRAGERS",product_import_cwa.cbl_28115,"voedselcoop_7307","voedselcoop_8007"
product_import_cwa.cbl_2811515,FOTOALBUMS,product_import_cwa.cbl_28115,"voedselcoop_7307","voedselcoop_8007"
product_import_cwa.cbl_2812505,KLEDINGSERVICES,product_import_cwa.cbl_28125,"voedselcoop_7307","voedselcoop_8007"
product_import_cwa.cbl_2812510,SCHOENREPARATIE,product_import_cwa.cbl_28125,"voedselcoop_7307","voedselcoop_8007"
product_import_cwa.cbl_2812515,BOODSCHAPPENBEZORGSERVICE,product_import_cwa.cbl_28125,"voedselcoop_7307","voedselcoop_8007"
product_import_cwa.cbl_2812520,PTT-POST SERVICE,product_import_cwa.cbl_28125,"voedselcoop_7307","voedselcoop_8007"
product_import_cwa.cbl_2812525,FOTO-ONTWIKKEL EN AFDRUK SERVICES,product_import_cwa.cbl_28125,"voedselcoop_7307","voedselcoop_8007"
product_import_cwa.cbl_2812530,KOPIEER- EN FAXSERVICE,product_import_cwa.cbl_28125,"voedselcoop_7307","voedselcoop_8007"
product_import_cwa.cbl_2812535,OVERIGE SERVICES,product_import_cwa.cbl_28125,"voedselcoop_7307","voedselcoop_8007"
product_import_cwa.cbl_2813005,KLEIN HUISHOUDELIJK PLASTIC,product_import_cwa.cbl_28130,"voedselcoop_7307","voedselcoop_8007"
product_import_cwa.cbl_2813010,GROOTHUISHOUDELIJK PLASTIC,product_import_cwa.cbl_28130,"voedselcoop_7307","voedselcoop_8007"
product_import_cwa.cbl_2813015,"POTTEN, PANNEN, BAKVORMEN",product_import_cwa.cbl_28130,"voedselcoop_7307","voedselcoop_8007"
product_import_cwa.cbl_2813020,KEUKENHULPJES,product_import_cwa.cbl_28130,"voedselcoop_7307","voedselcoop_8007"
product_import_cwa.cbl_2813025,"GLAS, PORCELEIN, AARDEWERK",product_import_cwa.cbl_28130,"voedselcoop_7307","voedselcoop_8007"
product_import_cwa.cbl_2815005,AFSLANKPRODUCTEN,product_import_cwa.cbl_28150,"voedselcoop_7307","voedselcoop_8007"
product_import_cwa.cbl_2815010,"VITAMINEN, MINERALEN, VOEDINGSSUPPLEMENTEN",product_import_cwa.cbl_28150,"voedselcoop_7307","voedselcoop_8007"
product_import_cwa.cbl_2815505,PIJNSTILLENDE MIDDELEN,product_import_cwa.cbl_28155,"voedselcoop_7307","voedselcoop_8007"
product_import_cwa.cbl_2815510,VERKOUDHEIDSPREPARATEN,product_import_cwa.cbl_28155,"voedselcoop_7307","voedselcoop_8007"
product_import_cwa.cbl_2815515,"HOESTPREPARATEN, KEELPREPARATEN",product_import_cwa.cbl_28155,"voedselcoop_7307","voedselcoop_8007"
product_import_cwa.cbl_2815520,GRIEPPREPARATEN,product_import_cwa.cbl_28155,"voedselcoop_7307","voedselcoop_8007"
product_import_cwa.cbl_2815525,SPIJSVERTERINGSPREPARATEN,product_import_cwa.cbl_28155,"voedselcoop_7307","voedselcoop_8007"
product_import_cwa.cbl_2815530,OOGVERZORGING,product_import_cwa.cbl_28155,"voedselcoop_7307","voedselcoop_8007"
product_import_cwa.cbl_2815531,OORVERZORGING,product_import_cwa.cbl_28155,"voedselcoop_7307","voedselcoop_8007"
product_import_cwa.cbl_2815535,"BLAASPREPARATEN, GESLACHTPREPARATEN",product_import_cwa.cbl_28155,"voedselcoop_7307","voedselcoop_8007"
product_import_cwa.cbl_2815540,BLOEDSOMLOOP PREPARATEN,product_import_cwa.cbl_28155,"voedselcoop_7307","voedselcoop_8007"
product_import_cwa.cbl_2815550,HUIDVERZORGING,product_import_cwa.cbl_28155,"voedselcoop_7307","voedselcoop_8007"
product_import_cwa.cbl_2815555,"SPIERVERZORGING, GEWRICHTSVERZORGING",product_import_cwa.cbl_28155,"voedselcoop_7307","voedselcoop_8007"
product_import_cwa.cbl_2816005,"KALMEREND, RUSTGEVEND",product_import_cwa.cbl_28160,"voedselcoop_7307","voedselcoop_8007"
product_import_cwa.cbl_2816010,MIDDELEN TEGEN REISZIEKTE,product_import_cwa.cbl_28160,"voedselcoop_7307","voedselcoop_8007"
product_import_cwa.cbl_2816015,OVERIGE HABITUELE AANDOENINGEN,product_import_cwa.cbl_28160,"voedselcoop_7307","voedselcoop_8007"
product_import_cwa.cbl_2816505,ZWANGERSCHAPSTESTEN,product_import_cwa.cbl_28165,"voedselcoop_7307","voedselcoop_8007"
product_import_cwa.cbl_2816507,OVULATIETEST,product_import_cwa.cbl_28165,"voedselcoop_7307","voedselcoop_8007"
product_import_cwa.cbl_2816508,THERMOMETERS,product_import_cwa.cbl_28165,"voedselcoop_7307","voedselcoop_8007"
product_import_cwa.cbl_2816510,OVERIGE DIAGNOSTISCHE TESTEN,product_import_cwa.cbl_28165,"voedselcoop_7307","voedselcoop_8007"
product_import_cwa.cbl_2819505,BIJOUX,product_import_cwa.cbl_28195,"voedselcoop_7307","voedselcoop_8007"
product_import_cwa.cbl_2819510,"FIETS, AUTO",product_import_cwa.cbl_28195,"voedselcoop_7307","voedselcoop_8007"
product_import_cwa.cbl_2819515,GEREEDSCHAPPEN,product_import_cwa.cbl_28195,"voedselcoop_7307","voedselcoop_8007"
product_import_cwa.cbl_2819525,HAARDBLOKKEN,product_import_cwa.cbl_28195,"voedselcoop_7307","voedselcoop_8007"
product_import_cwa.cbl_2819535,DOE HET ZELF,product_import_cwa.cbl_28195,"voedselcoop_7307","voedselcoop_8007"
product_import_cwa.cbl_2819540,VERF EN ACCESSOIRES,product_import_cwa.cbl_28195,"voedselcoop_7307","voedselcoop_8007"
product_import_cwa.cbl_2819545,"SCHOENONDERHOUDSARTIKELEN, VETERS",product_import_cwa.cbl_28195,"voedselcoop_7307","voedselcoop_8007"
product_import_cwa.cbl_2819550,SPEELGOED,product_import_cwa.cbl_28195,"voedselcoop_7307","voedselcoop_8007"
product_import_cwa.cbl_2819555,TUINARTIKELEN,product_import_cwa.cbl_28195,"voedselcoop_7307","voedselcoop_8007"
product_import_cwa.cbl_2819560,KOOKBOEKEN,product_import_cwa.cbl_28195,"voedselcoop_7307","voedselcoop_8007"
product_import_cwa.cbl_2819565,DECORATIE NON FOOD,product_import_cwa.cbl_28195,"voedselcoop_7307","voedselcoop_8007"
product_import_cwa.cbl_2819570,"TASSEN, KOFFERS",product_import_cwa.cbl_28195,"voedselcoop_7307","voedselcoop_8007"
product_import_cwa.cbl_2819575,APPARATEN ELEKTRISCH / ELEKTRONISCH,product_import_cwa.cbl_28195,"voedselcoop_7307","voedselcoop_8007"
product_import_cwa.cbl_2819580,CAMPING,product_import_cwa.cbl_28195,"voedselcoop_7307","voedselcoop_8007"
product_import_cwa.cbl_2819585,NAAIGAREN EN NAAIGEREI,product_import_cwa.cbl_28195,"voedselcoop_7307","voedselcoop_8007"
product_import_cwa.cbl_2819590,OPTIEK,product_import_cwa.cbl_28195,"voedselcoop_7307","voedselcoop_8007"
product_import_cwa.cbl_2819599,OVERIGE ASSORTIMENT,product_import_cwa.cbl_28195,"voedselcoop_7307","voedselcoop_8007"
product_import_cwa.cbl_2910505,JENEVER,product_import_cwa.cbl_29105,"voedselcoop_7306","voedselcoop_8006"
product_import_cwa.cbl_2910510,VIEUX,product_import_cwa.cbl_29105,"voedselcoop_7306","voedselcoop_8006"
product_import_cwa.cbl_2910515,BRANDEWIJN,product_import_cwa.cbl_29105,"voedselcoop_7306","voedselcoop_8006"
product_import_cwa.cbl_2910520,BERENBURG,product_import_cwa.cbl_29105,"voedselcoop_7306","voedselcoop_8006"
product_import_cwa.cbl_2910525,LIKEUREN,product_import_cwa.cbl_29105,"voedselcoop_7306","voedselcoop_8006"
product_import_cwa.cbl_2910530,WHISKY,product_import_cwa.cbl_29105,"voedselcoop_7306","voedselcoop_8006"
product_import_cwa.cbl_2910535,COGNAC,product_import_cwa.cbl_29105,"voedselcoop_7306","voedselcoop_8006"
product_import_cwa.cbl_2910540,RUM,product_import_cwa.cbl_29105,"voedselcoop_7306","voedselcoop_8006"
product_import_cwa.cbl_2910545,GIN,product_import_cwa.cbl_29105,"voedselcoop_7306","voedselcoop_8006"
product_import_cwa.cbl_2910550,WODKA,product_import_cwa.cbl_29105,"voedselcoop_7306","voedselcoop_8006"
product_import_cwa.cbl_2910555,CREAMDRANKEN,product_import_cwa.cbl_29105,"voedselcoop_7306","voedselcoop_8006"
product_import_cwa.cbl_2910560,ANIJSDRANKEN,product_import_cwa.cbl_29105,"voedselcoop_7306","voedselcoop_8006"
product_import_cwa.cbl_2910565,OVERIGE SPECIALITEITEN,product_import_cwa.cbl_29105,"voedselcoop_7306","voedselcoop_8006"
product_import_cwa.cbl_4000005,SCHUIMSCHALEN,product_import_cwa.cbl_40000,"voedselcoop_7307","voedselcoop_8007"
product_import_cwa.cbl_4000010,PAPIEREN ZAKKEN,product_import_cwa.cbl_40000,"voedselcoop_7307","voedselcoop_8007"
product_import_cwa.cbl_4000015,PLASTIC ZAKKEN,product_import_cwa.cbl_40000,"voedselcoop_7307","voedselcoop_8007"
product_import_cwa.cbl_4000020,FOLIE ZAKKEN,product_import_cwa.cbl_40000,"voedselcoop_7307","voedselcoop_8007"
product_import_cwa.cbl_4000025,GECOMBINEERDE ZAKKEN,product_import_cwa.cbl_40000,"voedselcoop_7307","voedselcoop_8007"
product_import_cwa.cbl_4100030,KAARTEN,product_import_cwa.cbl_41000,"voedselcoop_7307","voedselcoop_8007"
product_import_cwa.cbl_4100035,KLEDING,product_import_cwa.cbl_41000,"voedselcoop_7307","voedselcoop_8007"
product_import_cwa.cbl_4100040,VLAGGENSTOKKEN,product_import_cwa.cbl_41000,"voedselcoop_7307","voedselcoop_8007"
product_import_cwa.cbl_4100045,OVERIG STYLING MATERIAAL,product_import_cwa.cbl_41000,"voedselcoop_7307","voedselcoop_8007"
product_import_cwa.cbl_4200005,ETIKETTEN,product_import_cwa.cbl_42000,"voedselcoop_7307","voedselcoop_8007"
product_import_cwa.cbl_4200010,BONROLLEN,product_import_cwa.cbl_42000,"voedselcoop_7307","voedselcoop_8007"
product_import_cwa.cbl_4200015,TONER,product_import_cwa.cbl_42000,"voedselcoop_7307","voedselcoop_8007"
product_import_cwa.cbl_4200020,INKTLINTEN,product_import_cwa.cbl_42000,"voedselcoop_7307","voedselcoop_8007"
product_import_cwa.cbl_4200025,DIVERSE,product_import_cwa.cbl_42000,"voedselcoop_7307","voedselcoop_8007"
product_import_cwa.cbl_4300005,ROLHOUDER,product_import_cwa.cbl_43000,"voedselcoop_7307","voedselcoop_8007"
product_import_cwa.cbl_4300010,HANDDOEKENDISPENSER,product_import_cwa.cbl_43000,"voedselcoop_7307","voedselcoop_8007"
product_import_cwa.cbl_4300015,DIVERSE,product_import_cwa.cbl_43000,"voedselcoop_7307","voedselcoop_8007"
